//时间,开盘价,最高价,最低价,收盘价,成交量,持仓量
2019/02/12 09:00,11720,11720,11650,11660,23638,481474
2019/02/12 09:05,11660,11675,11655,11665,6746,482016
2019/02/12 09:10,11665,11680,11665,11675,5658,482442
2019/02/12 09:15,11680,11710,11675,11700,7606,482538
2019/02/12 09:20,11700,11705,11690,11695,2936,482910
2019/02/12 09:25,11695,11705,11690,11690,4214,483164
2019/02/12 09:30,11690,11700,11690,11695,2946,483036
2019/02/12 09:35,11695,11700,11690,11695,2498,483034
2019/02/12 09:40,11695,11705,11690,11700,2630,482916
2019/02/12 09:45,11700,11705,11680,11685,2960,482330
2019/02/12 09:50,11690,11700,11685,11700,1644,482230
2019/02/12 09:55,11700,11705,11690,11705,1978,482346
2019/02/12 10:00,11705,11725,11700,11710,6828,481870
2019/02/12 10:05,11710,11720,11710,11715,1698,481922
2019/02/12 10:10,11710,11715,11705,11715,1990,481778
2019/02/12 10:30,11715,11720,11705,11710,2054,481710
2019/02/12 10:35,11715,11725,11710,11725,3730,482158
2019/02/12 10:40,11725,11735,11715,11720,5134,481442
2019/02/12 10:45,11725,11725,11710,11710,2712,481758
2019/02/12 10:50,11715,11720,11710,11720,1932,481544
2019/02/12 10:55,11715,11725,11715,11725,2596,481724
2019/02/12 11:00,11730,11745,11725,11735,6312,481496
2019/02/12 11:05,11735,11750,11735,11745,2814,482066
2019/02/12 11:10,11745,11745,11735,11745,1806,481962
2019/02/12 11:15,11745,11750,11725,11730,2600,481932
2019/02/12 11:20,11730,11740,11715,11715,3216,481636
2019/02/12 11:25,11715,11725,11700,11705,4386,480898
2019/02/12 13:30,11705,11715,11695,11700,4310,481464
2019/02/12 13:35,11700,11705,11680,11695,4308,481102
2019/02/12 13:40,11700,11705,11690,11705,2928,481230
2019/02/12 13:45,11700,11705,11695,11695,2506,481246
2019/02/12 13:50,11700,11705,11695,11700,1520,481052
2019/02/12 13:55,11705,11705,11700,11705,940,481174
2019/02/12 14:00,11705,11715,11700,11705,2706,481424
2019/02/12 14:05,11710,11715,11700,11710,2252,481416
2019/02/12 14:10,11710,11715,11680,11680,6976,482290
2019/02/12 14:15,11680,11690,11660,11675,9986,483742
2019/02/12 14:20,11670,11690,11640,11655,15082,483986
2019/02/12 14:25,11655,11670,11655,11665,2824,484144
2019/02/12 14:30,11665,11670,11660,11665,1248,484034
2019/02/12 14:35,11665,11665,11645,11655,4914,483596
2019/02/12 14:40,11650,11670,11645,11670,2846,483430
2019/02/12 14:45,11665,11670,11650,11655,2786,483156
2019/02/12 14:50,11655,11670,11655,11665,3260,482324
2019/02/12 14:55,11665,11725,11665,11720,12710,480624
2019/02/12 21:00,11705,11735,11700,11710,14842,483756
2019/02/12 21:05,11705,11720,11705,11705,5022,484534
2019/02/12 21:10,11710,11715,11700,11705,4012,485008
2019/02/12 21:15,11705,11715,11705,11715,1872,484842
2019/02/12 21:20,11710,11720,11705,11715,2310,485204
2019/02/12 21:25,11710,11715,11690,11695,4854,485644
2019/02/12 21:30,11695,11700,11675,11680,5304,486078
2019/02/12 21:35,11680,11695,11670,11685,4258,486306
2019/02/12 21:40,11685,11690,11675,11680,2222,486368
2019/02/12 21:45,11680,11685,11670,11685,1800,486386
2019/02/12 21:50,11680,11690,11680,11690,904,486216
2019/02/12 21:55,11690,11695,11685,11695,1398,486044
2019/02/12 22:00,11690,11705,11690,11705,2448,485922
2019/02/12 22:05,11700,11705,11690,11700,3076,486024
2019/02/12 22:10,11695,11700,11690,11695,1158,486230
2019/02/12 22:15,11690,11700,11690,11700,692,486262
2019/02/12 22:20,11695,11710,11690,11705,3208,485816
2019/02/12 22:25,11705,11715,11700,11705,4308,485582
2019/02/12 22:30,11705,11720,11695,11695,3860,485368
2019/02/12 22:35,11695,11700,11685,11700,3158,484738
2019/02/12 22:40,11695,11695,11680,11680,1328,484948
2019/02/12 22:45,11675,11685,11665,11680,4706,484516
2019/02/12 22:50,11675,11680,11665,11675,3090,484242
2019/02/12 22:55,11680,11700,11675,11700,3794,483230
2019/02/13 09:00,11675,11685,11640,11640,15672,484158
2019/02/13 09:05,11635,11710,11620,11710,16618,483092
2019/02/13 09:10,11710,11750,11700,11740,21364,486590
2019/02/13 09:15,11740,11740,11725,11730,7864,486324
2019/02/13 09:20,11735,11785,11730,11745,20972,486830
2019/02/13 09:25,11745,11750,11710,11720,11826,485318
2019/02/13 09:30,11720,11730,11710,11715,4820,485434
2019/02/13 09:35,11715,11720,11690,11695,7762,485774
2019/02/13 09:40,11700,11700,11690,11695,3520,485842
2019/02/13 09:45,11695,11705,11690,11700,2620,485742
2019/02/13 09:50,11700,11720,11700,11710,4256,486252
2019/02/13 09:55,11715,11725,11710,11720,3120,486844
2019/02/13 10:00,11720,11725,11710,11720,1910,486848
2019/02/13 10:05,11720,11730,11715,11725,2598,487036
2019/02/13 10:10,11725,11725,11715,11720,2052,486966
2019/02/13 10:30,11715,11720,11710,11715,1924,487252
2019/02/13 10:35,11715,11715,11695,11700,3596,488044
2019/02/13 10:40,11700,11700,11690,11695,2402,488670
2019/02/13 10:45,11695,11705,11695,11700,2222,488720
2019/02/13 10:50,11700,11710,11695,11700,1514,488804
2019/02/13 10:55,11700,11710,11695,11710,1774,488908
2019/02/13 11:00,11705,11710,11700,11710,2586,489290
2019/02/13 11:05,11710,11710,11700,11700,1090,489454
2019/02/13 11:10,11700,11710,11695,11710,1960,489424
2019/02/13 11:15,11710,11720,11705,11705,2266,489428
2019/02/13 11:20,11705,11720,11705,11715,2072,489678
2019/02/13 11:25,11715,11715,11700,11715,1550,489516
2019/02/13 13:30,11710,11725,11710,11720,4300,489972
2019/02/13 13:35,11725,11725,11710,11715,2108,490042
2019/02/13 13:40,11720,11725,11680,11690,7352,489596
2019/02/13 13:45,11685,11690,11675,11680,5942,489454
2019/02/13 13:50,11680,11700,11675,11695,3742,489424
2019/02/13 13:55,11695,11715,11690,11715,4230,489758
2019/02/13 14:00,11715,11725,11710,11715,5336,490430
2019/02/13 14:05,11715,11720,11705,11705,2168,490732
2019/02/13 14:10,11710,11710,11695,11705,3616,490680
2019/02/13 14:15,11705,11715,11700,11710,2756,490586
2019/02/13 14:20,11705,11725,11705,11720,4222,492090
2019/02/13 14:25,11715,11730,11710,11715,4142,492510
2019/02/13 14:30,11720,11735,11710,11735,4770,492464
2019/02/13 14:35,11735,11745,11725,11725,6066,493414
2019/02/13 14:40,11725,11730,11710,11720,4838,492456
2019/02/13 14:45,11720,11725,11715,11720,2250,492562
2019/02/13 14:50,11720,11740,11715,11740,4008,492254
2019/02/13 14:55,11740,11780,11735,11775,19392,493456
2019/02/13 21:00,11775,11800,11750,11760,20476,495074
2019/02/13 21:05,11760,11760,11725,11745,10338,494556
2019/02/13 21:10,11745,11745,11715,11735,10242,493850
2019/02/13 21:15,11735,11755,11725,11755,4856,493922
2019/02/13 21:20,11755,11755,11745,11750,3432,494304
2019/02/13 21:25,11750,11750,11740,11745,2580,494188
2019/02/13 21:30,11745,11755,11735,11750,3792,494178
2019/02/13 21:35,11750,11840,11750,11840,28304,499470
2019/02/13 21:40,11835,11850,11810,11820,15616,499994
2019/02/13 21:45,11820,11830,11805,11805,7398,499892
2019/02/13 21:50,11805,11815,11750,11755,15930,498244
2019/02/13 21:55,11755,11775,11750,11770,5110,497608
2019/02/13 22:00,11775,11800,11755,11800,6006,497456
2019/02/13 22:05,11800,11800,11770,11770,3290,497510
2019/02/13 22:10,11775,11780,11760,11765,2850,497186
2019/02/13 22:15,11765,11775,11760,11775,3062,496706
2019/02/13 22:20,11775,11775,11765,11770,2464,496708
2019/02/13 22:25,11775,11795,11770,11795,3232,497212
2019/02/13 22:30,11790,11810,11790,11805,4636,497606
2019/02/13 22:35,11810,11820,11795,11810,4654,497514
2019/02/13 22:40,11810,11815,11800,11805,3284,497966
2019/02/13 22:45,11805,11815,11805,11810,1838,497874
2019/02/13 22:50,11805,11810,11795,11795,3036,497880
2019/02/13 22:55,11795,11825,11795,11825,4650,497072
2019/02/14 09:00,11825,11880,11825,11870,22772,498920
2019/02/14 09:05,11875,11900,11870,11875,19876,500558
2019/02/14 09:10,11875,11875,11850,11865,10364,499952
2019/02/14 09:15,11875,11875,11840,11855,7526,499584
2019/02/14 09:20,11850,11875,11845,11870,4970,499754
2019/02/14 09:25,11870,11885,11865,11875,7800,500796
2019/02/14 09:30,11875,11920,11875,11915,11252,502360
2019/02/14 09:35,11910,11965,11910,11960,26308,506844
2019/02/14 09:40,11960,11965,11935,11950,12660,507232
2019/02/14 09:45,11955,11990,11955,11960,19118,509068
2019/02/14 09:50,11960,11965,11940,11940,7480,508676
2019/02/14 09:55,11945,11960,11940,11940,5834,508634
2019/02/14 10:00,11940,11960,11940,11950,6634,508958
2019/02/14 10:05,11950,11950,11920,11930,6606,507846
2019/02/14 10:10,11925,11925,11890,11900,13070,504540
2019/02/14 10:30,11900,11920,11900,11910,3764,504674
2019/02/14 10:35,11915,11925,11910,11915,2086,505042
2019/02/14 10:40,11915,11925,11910,11925,2462,504670
2019/02/14 10:45,11925,11925,11915,11915,1766,504614
2019/02/14 10:50,11915,11920,11895,11900,5316,503854
2019/02/14 10:55,11900,11920,11900,11900,3560,503950
2019/02/14 11:00,11905,11925,11895,11925,4584,504116
2019/02/14 11:05,11925,11935,11910,11915,3736,504104
2019/02/14 11:10,11915,11925,11910,11925,1488,503956
2019/02/14 11:15,11925,11925,11910,11910,1868,504228
2019/02/14 11:20,11910,11915,11895,11910,3212,503924
2019/02/14 11:25,11910,11910,11885,11885,4824,502634
2019/02/14 13:30,11890,11905,11885,11885,6078,502246
2019/02/14 13:35,11885,11895,11880,11895,3256,502136
2019/02/14 13:40,11890,11900,11870,11880,4856,501648
2019/02/14 13:45,11880,11885,11865,11870,4022,501278
2019/02/14 13:50,11870,11885,11870,11875,5290,501598
2019/02/14 13:55,11875,11890,11870,11885,3514,501728
2019/02/14 14:00,11885,11890,11880,11890,1492,501500
2019/02/14 14:05,11890,11890,11865,11875,3766,501940
2019/02/14 14:10,11875,11880,11870,11875,2256,501896
2019/02/14 14:15,11875,11890,11875,11880,2256,501890
2019/02/14 14:20,11880,11885,11875,11885,1318,501990
2019/02/14 14:25,11880,11885,11875,11880,1832,502124
2019/02/14 14:30,11885,11905,11880,11900,3708,502516
2019/02/14 14:35,11900,11910,11895,11905,4802,502868
2019/02/14 14:40,11905,11905,11850,11865,10836,501546
2019/02/14 14:45,11865,11900,11860,11890,7832,501732
2019/02/14 14:50,11890,11895,11890,11890,3438,501288
2019/02/14 14:55,11890,11910,11890,11890,9486,499736
2019/02/14 21:00,11885,11915,11885,11885,12494,502790
2019/02/14 21:05,11885,11895,11875,11890,4514,503422
2019/02/14 21:10,11890,11905,11885,11885,2846,503274
2019/02/14 21:15,11885,11890,11850,11860,9242,503206
2019/02/14 21:20,11865,11865,11825,11840,7866,502094
2019/02/14 21:25,11840,11845,11820,11825,8376,501852
2019/02/14 21:30,11825,11845,11815,11835,6080,501922
2019/02/14 21:35,11840,11845,11825,11830,3536,501816
2019/02/14 21:40,11835,11835,11830,11830,2440,501754
2019/02/14 21:45,11830,11830,11785,11790,11232,500352
2019/02/14 21:50,11790,11795,11745,11755,22844,501406
2019/02/14 21:55,11755,11770,11750,11760,7162,501808
2019/02/14 22:00,11760,11775,11740,11750,8650,500290
2019/02/14 22:05,11745,11755,11730,11750,12072,500514
2019/02/14 22:10,11750,11770,11745,11765,6182,500854
2019/02/14 22:15,11765,11765,11750,11750,4336,501062
2019/02/14 22:20,11750,11780,11750,11775,6096,500538
2019/02/14 22:25,11775,11775,11765,11765,2802,500580
2019/02/14 22:30,11770,11770,11750,11765,3130,500490
2019/02/14 22:35,11765,11765,11740,11740,3462,500492
2019/02/14 22:40,11740,11750,11665,11665,25046,498106
2019/02/14 22:45,11665,11690,11640,11685,17726,495990
2019/02/14 22:50,11685,11700,11680,11695,6562,495622
2019/02/14 22:55,11690,11700,11685,11690,6648,494820
2019/02/15 09:00,11705,11740,11700,11730,14174,494582
2019/02/15 09:05,11735,11735,11720,11730,3914,494546
2019/02/15 09:10,11730,11750,11725,11745,6838,494776
2019/02/15 09:15,11745,11755,11740,11750,3962,494936
2019/02/15 09:20,11750,11760,11735,11740,5006,495674
2019/02/15 09:25,11740,11745,11735,11740,2102,495448
2019/02/15 09:30,11740,11745,11725,11730,3884,495636
2019/02/15 09:35,11730,11740,11725,11735,2444,495330
2019/02/15 09:40,11735,11735,11725,11735,1586,495426
2019/02/15 09:45,11730,11735,11725,11730,1430,495434
2019/02/15 09:50,11730,11730,11715,11720,2132,495316
2019/02/15 09:55,11720,11730,11710,11725,4410,495192
2019/02/15 10:00,11720,11730,11720,11730,1304,495192
2019/02/15 10:05,11730,11730,11720,11730,1392,495230
2019/02/15 10:10,11730,11740,11725,11735,1768,495226
2019/02/15 10:30,11730,11735,11725,11730,2872,494288
2019/02/15 10:35,11730,11730,11700,11705,6110,494596
2019/02/15 10:40,11710,11720,11705,11720,3302,494206
2019/02/15 10:45,11720,11735,11710,11735,2488,494342
2019/02/15 10:50,11735,11735,11725,11730,1662,494340
2019/02/15 10:55,11730,11730,11685,11700,9674,494688
2019/02/15 11:00,11700,11740,11695,11730,6784,494920
2019/02/15 11:05,11730,11735,11715,11715,3736,495412
2019/02/15 11:10,11720,11725,11710,11715,2166,495150
2019/02/15 11:15,11715,11730,11705,11725,2584,495330
2019/02/15 11:20,11725,11745,11720,11735,3062,495568
2019/02/15 11:25,11735,11740,11725,11725,2050,495448
2019/02/15 13:30,11720,11750,11720,11740,4768,495552
2019/02/15 13:35,11740,11745,11715,11715,3034,495218
2019/02/15 13:40,11715,11725,11710,11720,2498,494702
2019/02/15 13:45,11715,11720,11710,11715,1382,494626
2019/02/15 13:50,11715,11730,11710,11730,2286,494612
2019/02/15 13:55,11725,11730,11715,11725,1304,494506
2019/02/15 14:00,11725,11725,11710,11725,1756,494640
2019/02/15 14:05,11720,11735,11720,11730,1618,494414
2019/02/15 14:10,11725,11730,11715,11715,1792,494506
2019/02/15 14:15,11715,11725,11715,11720,1298,494382
2019/02/15 14:20,11720,11730,11715,11720,2558,493858
2019/02/15 14:25,11720,11740,11720,11735,2680,494068
2019/02/15 14:30,11740,11755,11735,11750,5940,494134
2019/02/15 14:35,11750,11750,11740,11740,2386,494186
2019/02/15 14:40,11745,11745,11725,11730,2200,494014
2019/02/15 14:45,11725,11740,11720,11730,2222,493602
2019/02/15 14:50,11735,11745,11725,11745,2250,493578
2019/02/15 14:55,11745,11750,11730,11745,5760,492410
2019/02/15 21:00,11775,11780,11760,11765,13360,492614
2019/02/15 21:05,11765,11775,11755,11775,5220,493202
2019/02/15 21:10,11770,11800,11770,11795,8686,493618
2019/02/15 21:15,11795,11805,11775,11790,5800,494052
2019/02/15 21:20,11785,11795,11780,11785,2886,494288
2019/02/15 21:25,11780,11790,11775,11785,3006,494688
2019/02/15 21:30,11785,11790,11780,11790,928,494698
2019/02/15 21:35,11790,11795,11760,11765,4954,494484
2019/02/15 21:40,11760,11770,11760,11765,2900,494774
2019/02/15 21:45,11765,11770,11760,11760,2010,494870
2019/02/15 21:50,11760,11775,11760,11775,1356,494942
2019/02/15 21:55,11775,11780,11770,11780,1820,494902
2019/02/15 22:00,11780,11780,11765,11775,1890,494936
2019/02/15 22:05,11775,11795,11775,11780,2742,495148
2019/02/15 22:10,11780,11810,11780,11800,5734,495154
2019/02/15 22:15,11800,11810,11790,11805,2364,495334
2019/02/15 22:20,11810,11815,11795,11795,3338,495624
2019/02/15 22:25,11795,11805,11790,11795,3520,495284
2019/02/15 22:30,11795,11810,11790,11795,3194,494902
2019/02/15 22:35,11800,11830,11795,11830,4252,494746
2019/02/15 22:40,11825,11835,11815,11830,7016,495328
2019/02/15 22:45,11830,11845,11815,11815,5846,494840
2019/02/15 22:50,11815,11825,11815,11820,2240,494612
2019/02/15 22:55,11820,11830,11815,11820,4420,492932
2019/02/18 09:00,11840,11935,11840,11905,31444,495938
2019/02/18 09:05,11905,11920,11860,11870,15924,496042
2019/02/18 09:10,11875,11880,11850,11880,8112,496860
2019/02/18 09:15,11880,11885,11845,11850,6162,497148
2019/02/18 09:20,11850,11865,11840,11850,5658,496960
2019/02/18 09:25,11850,11860,11845,11855,5586,497380
2019/02/18 09:30,11855,11870,11845,11865,4286,496924
2019/02/18 09:35,11870,11870,11860,11860,3454,496892
2019/02/18 09:40,11860,11865,11845,11850,3350,496966
2019/02/18 09:45,11850,11865,11845,11855,3722,497036
2019/02/18 09:50,11855,11865,11850,11860,2348,497088
2019/02/18 09:55,11865,11865,11850,11860,2172,497072
2019/02/18 10:00,11855,11860,11775,11785,18422,495470
2019/02/18 10:05,11785,11815,11785,11805,8548,495428
2019/02/18 10:10,11810,11815,11805,11805,1952,495242
2019/02/18 10:30,11810,11815,11795,11815,3448,495178
2019/02/18 10:35,11815,11825,11805,11825,1918,495170
2019/02/18 10:40,11825,11835,11815,11830,3770,495020
2019/02/18 10:45,11825,11835,11825,11835,2192,495516
2019/02/18 10:50,11835,11845,11825,11830,2704,495678
2019/02/18 10:55,11830,11835,11825,11830,1302,495530
2019/02/18 11:00,11830,11855,11825,11845,6064,496228
2019/02/18 11:05,11845,11870,11840,11860,4468,496972
2019/02/18 11:10,11860,11880,11860,11875,5080,497398
2019/02/18 11:15,11875,11880,11860,11865,2918,497584
2019/02/18 11:20,11865,11880,11850,11855,4800,497574
2019/02/18 11:25,11855,11865,11850,11865,2082,497490
2019/02/18 13:30,11865,11890,11855,11885,6176,498550
2019/02/18 13:35,11885,11900,11885,11895,7218,499586
2019/02/18 13:40,11895,11900,11885,11890,4132,500252
2019/02/18 13:45,11890,11905,11875,11905,5952,500628
2019/02/18 13:50,11900,11905,11885,11890,6098,501184
2019/02/18 13:55,11890,11905,11890,11900,2766,501532
2019/02/18 14:00,11900,11945,11900,11920,16938,504632
2019/02/18 14:05,11920,11935,11900,11925,7250,504790
2019/02/18 14:10,11925,11930,11905,11920,4704,504948
2019/02/18 14:15,11925,11925,11875,11880,6848,504592
2019/02/18 14:20,11885,11915,11885,11900,7178,505096
2019/02/18 14:25,11905,11910,11895,11900,4522,504938
2019/02/18 14:30,11905,11910,11895,11905,3492,504788
2019/02/18 14:35,11905,11925,11895,11920,9736,505592
2019/02/18 14:40,11920,11925,11905,11915,3468,505778
2019/02/18 14:45,11915,11930,11910,11920,7198,506214
2019/02/18 14:50,11925,11935,11920,11920,6134,505920
2019/02/18 14:55,11920,11930,11910,11925,9356,505124
2019/02/18 21:00,11950,12175,11945,12175,87536,519028
2019/02/18 21:05,12175,12350,12140,12235,83180,521730
2019/02/18 21:10,12235,12260,12215,12260,27488,523806
2019/02/18 21:15,12260,12265,12230,12240,14166,524524
2019/02/18 21:20,12240,12270,12240,12250,11266,525880
2019/02/18 21:25,12255,12315,12255,12300,27056,530630
2019/02/18 21:30,12305,12305,12260,12260,18006,530220
2019/02/18 21:35,12260,12270,12245,12255,12732,529440
2019/02/18 21:40,12255,12270,12225,12265,18580,527756
2019/02/18 21:45,12265,12270,12230,12235,9832,527046
2019/02/18 21:50,12235,12245,12215,12240,10774,526354
2019/02/18 21:55,12240,12255,12235,12250,5828,526122
2019/02/18 22:00,12245,12280,12240,12260,10016,525772
2019/02/18 22:05,12265,12265,12245,12255,3486,525608
2019/02/18 22:10,12255,12260,12245,12250,3258,525788
2019/02/18 22:15,12255,12270,12230,12255,6998,525618
2019/02/18 22:20,12255,12265,12245,12260,3816,525888
2019/02/18 22:25,12260,12265,12255,12255,1798,525772
2019/02/18 22:30,12255,12255,12240,12250,5248,525486
2019/02/18 22:35,12250,12260,12245,12260,3430,525220
2019/02/18 22:40,12260,12265,12240,12265,3744,525156
2019/02/18 22:45,12265,12275,12260,12275,3588,525588
2019/02/18 22:50,12275,12280,12240,12250,8866,524218
2019/02/18 22:55,12255,12290,12250,12290,9084,523026
2019/02/19 09:00,12295,12310,12250,12270,23702,522402
2019/02/19 09:05,12270,12275,12230,12230,15854,522436
2019/02/19 09:10,12230,12245,12200,12240,20488,520852
2019/02/19 09:15,12240,12250,12235,12245,8274,521776
2019/02/19 09:20,12250,12250,12205,12230,7132,521198
2019/02/19 09:25,12230,12240,12225,12230,4510,521082
2019/02/19 09:30,12230,12230,12220,12225,3948,520830
2019/02/19 09:35,12225,12240,12220,12235,2994,520926
2019/02/19 09:40,12235,12285,12235,12275,10746,522764
2019/02/19 09:45,12275,12280,12255,12265,4610,523248
2019/02/19 09:50,12265,12275,12260,12270,3324,523528
2019/02/19 09:55,12270,12290,12270,12280,8760,525428
2019/02/19 10:00,12280,12285,12265,12275,4980,525446
2019/02/19 10:05,12275,12280,12260,12280,2716,525956
2019/02/19 10:10,12280,12290,12275,12280,3256,526630
2019/02/19 10:30,12280,12310,12280,12300,11270,527468
2019/02/19 10:35,12300,12305,12270,12270,5532,527346
2019/02/19 10:40,12270,12285,12270,12280,2592,527322
2019/02/19 10:45,12280,12330,12275,12320,11570,529102
2019/02/19 10:50,12315,12315,12250,12265,14608,527534
2019/02/19 10:55,12265,12290,12265,12285,4412,527144
2019/02/19 11:00,12285,12300,12280,12295,4174,527620
2019/02/19 11:05,12295,12320,12290,12310,7538,529494
2019/02/19 11:10,12310,12335,12295,12305,9438,531522
2019/02/19 11:15,12305,12350,12300,12345,10958,533314
2019/02/19 11:20,12340,12355,12315,12340,9392,533786
2019/02/19 11:25,12345,12365,12335,12355,13824,535158
2019/02/19 13:30,12350,12355,12300,12310,17418,533622
2019/02/19 13:35,12310,12315,12285,12295,10196,532812
2019/02/19 13:40,12290,12310,12285,12300,5564,533116
2019/02/19 13:45,12300,12310,12295,12295,3386,533256
2019/02/19 13:50,12295,12315,12290,12315,3544,533274
2019/02/19 13:55,12315,12315,12300,12310,2432,533262
2019/02/19 14:00,12310,12310,12290,12290,3424,532630
2019/02/19 14:05,12290,12310,12290,12305,3096,532696
2019/02/19 14:10,12305,12325,12305,12315,4212,533014
2019/02/19 14:15,12315,12345,12315,12330,6308,534194
2019/02/19 14:20,12330,12335,12315,12320,2908,534276
2019/02/19 14:25,12320,12375,12320,12370,7372,535872
2019/02/19 14:30,12375,12380,12330,12375,18468,537122
2019/02/19 14:35,12375,12395,12355,12365,17784,538616
2019/02/19 14:40,12365,12395,12365,12370,9608,539540
2019/02/19 14:45,12365,12425,12365,12420,24080,541412
2019/02/19 14:50,12420,12530,12410,12510,44726,545956
2019/02/19 14:55,12515,12525,12470,12490,33612,541596
2019/02/19 21:00,12450,12480,12400,12410,36436,541936
2019/02/19 21:05,12410,12460,12405,12450,17802,542740
2019/02/19 21:10,12450,12480,12430,12475,16558,544372
2019/02/19 21:15,12470,12475,12435,12440,12890,543450
2019/02/19 21:20,12440,12475,12440,12465,6672,544016
2019/02/19 21:25,12460,12480,12455,12460,6726,544978
2019/02/19 21:30,12460,12465,12440,12445,5240,544688
2019/02/19 21:35,12445,12445,12420,12430,8636,543692
2019/02/19 21:40,12430,12440,12425,12435,1970,543718
2019/02/19 21:45,12440,12445,12430,12435,3248,543966
2019/02/19 21:50,12435,12455,12430,12450,3600,543956
2019/02/19 21:55,12445,12450,12405,12420,8840,544322
2019/02/19 22:00,12420,12435,12380,12400,16934,541626
2019/02/19 22:05,12400,12400,12360,12360,18278,539052
2019/02/19 22:10,12360,12365,12330,12355,17274,536356
2019/02/19 22:15,12350,12375,12350,12365,7448,536050
2019/02/19 22:20,12365,12370,12350,12355,3202,536186
2019/02/19 22:25,12355,12375,12355,12375,4526,535998
2019/02/19 22:30,12370,12400,12360,12400,6916,536016
2019/02/19 22:35,12400,12410,12385,12405,7918,536202
2019/02/19 22:40,12405,12425,12400,12415,5718,536206
2019/02/19 22:45,12410,12430,12410,12425,4898,535778
2019/02/19 22:50,12425,12430,12405,12425,5104,535400
2019/02/19 22:55,12420,12440,12410,12435,5990,534542
2019/02/20 09:00,12435,12435,12385,12385,12512,534150
2019/02/20 09:05,12385,12390,12355,12365,10966,533378
2019/02/20 09:10,12365,12380,12355,12375,8710,533168
2019/02/20 09:15,12375,12395,12370,12375,9334,533268
2019/02/20 09:20,12375,12380,12370,12370,4118,533182
2019/02/20 09:25,12370,12370,12345,12360,9498,532792
2019/02/20 09:30,12360,12385,12355,12375,4670,532480
2019/02/20 09:35,12375,12380,12365,12380,1576,532452
2019/02/20 09:40,12380,12385,12370,12375,3436,532234
2019/02/20 09:45,12370,12400,12370,12390,6850,532296
2019/02/20 09:50,12390,12390,12375,12380,2468,532296
2019/02/20 09:55,12380,12380,12355,12355,4810,532192
2019/02/20 10:00,12355,12380,12350,12350,5896,532296
2019/02/20 10:05,12350,12385,12345,12385,5712,532798
2019/02/20 10:10,12380,12395,12380,12390,3892,532926
2019/02/20 10:30,12385,12395,12380,12390,3118,533026
2019/02/20 10:35,12390,12405,12380,12400,5030,533658
2019/02/20 10:40,12400,12405,12380,12390,3456,534040
2019/02/20 10:45,12390,12400,12370,12380,3462,533488
2019/02/20 10:50,12380,12400,12380,12395,2724,533700
2019/02/20 10:55,12395,12395,12385,12390,1784,533858
2019/02/20 11:00,12390,12440,12385,12425,10638,535166
2019/02/20 11:05,12425,12460,12420,12440,12408,535168
2019/02/20 11:10,12440,12445,12425,12435,6864,536184
2019/02/20 11:15,12435,12440,12420,12430,4172,536496
2019/02/20 11:20,12430,12440,12420,12425,4172,536532
2019/02/20 11:25,12425,12470,12425,12445,8906,538424
2019/02/20 13:30,12445,12455,12425,12425,8670,538624
2019/02/20 13:35,12425,12435,12400,12420,7748,538496
2019/02/20 13:40,12420,12435,12415,12425,2754,538642
2019/02/20 13:45,12430,12460,12420,12455,5316,538610
2019/02/20 13:50,12450,12550,12445,12545,31722,543280
2019/02/20 13:55,12545,12615,12535,12590,40668,549830
2019/02/20 14:00,12590,12620,12575,12600,23202,551948
2019/02/20 14:05,12600,12605,12575,12590,14464,552280
2019/02/20 14:10,12595,12635,12585,12605,24158,553262
2019/02/20 14:15,12605,12635,12595,12620,12546,553156
2019/02/20 14:20,12625,12640,12555,12575,19832,550878
2019/02/20 14:25,12575,12605,12565,12575,10000,551610
2019/02/20 14:30,12575,12595,12575,12590,4790,552010
2019/02/20 14:35,12590,12590,12575,12585,7108,551658
2019/02/20 14:40,12585,12610,12580,12605,6478,552190
2019/02/20 14:45,12610,12620,12590,12600,7042,552474
2019/02/20 14:50,12595,12600,12575,12590,8348,552298
2019/02/20 14:55,12590,12605,12575,12585,14414,549852
2019/02/20 21:00,12575,12600,12530,12535,28362,551100
2019/02/20 21:05,12540,12600,12535,12595,12784,551284
2019/02/20 21:10,12595,12600,12575,12575,7164,551538
2019/02/20 21:15,12575,12610,12575,12595,7950,552626
2019/02/20 21:20,12595,12595,12565,12570,6566,551928
2019/02/20 21:25,12570,12580,12555,12555,5022,551404
2019/02/20 21:30,12555,12575,12555,12570,4534,550616
2019/02/20 21:35,12570,12580,12565,12570,2946,550536
2019/02/20 21:40,12570,12570,12530,12545,9162,549334
2019/02/20 21:45,12545,12570,12540,12565,5648,548588
2019/02/20 21:50,12570,12575,12555,12575,3194,548616
2019/02/20 21:55,12575,12575,12560,12565,3778,549266
2019/02/20 22:00,12565,12585,12565,12570,4626,548958
2019/02/20 22:05,12575,12585,12565,12570,3420,548790
2019/02/20 22:10,12570,12575,12545,12555,5166,548960
2019/02/20 22:15,12555,12565,12555,12555,2828,549190
2019/02/20 22:20,12555,12575,12555,12565,3216,548962
2019/02/20 22:25,12565,12585,12565,12580,3536,548602
2019/02/20 22:30,12580,12590,12570,12580,2890,548598
2019/02/20 22:35,12575,12585,12575,12580,1770,548794
2019/02/20 22:40,12585,12690,12580,12635,30714,549716
2019/02/20 22:45,12635,12645,12600,12630,12930,549828
2019/02/20 22:50,12630,12650,12625,12645,5298,548854
2019/02/20 22:55,12650,12665,12540,12550,19422,545438
2019/02/21 09:00,12600,12610,12560,12565,17146,546160
2019/02/21 09:05,12570,12575,12475,12490,28264,544294
2019/02/21 09:10,12490,12520,12485,12495,10082,543566
2019/02/21 09:15,12500,12505,12415,12425,29988,540170
2019/02/21 09:20,12425,12460,12425,12455,11120,539810
2019/02/21 09:25,12455,12490,12455,12485,9196,539970
2019/02/21 09:30,12485,12505,12480,12490,8058,539276
2019/02/21 09:35,12490,12505,12485,12490,4198,539204
2019/02/21 09:40,12490,12495,12480,12480,3290,538918
2019/02/21 09:45,12480,12485,12465,12480,4678,538574
2019/02/21 09:50,12475,12495,12460,12465,4128,538622
2019/02/21 09:55,12465,12480,12455,12465,3674,538236
2019/02/21 10:00,12470,12475,12455,12470,3168,538416
2019/02/21 10:05,12470,12485,12465,12485,3316,538526
2019/02/21 10:10,12485,12490,12480,12485,1314,538318
2019/02/21 10:30,12485,12490,12480,12490,1696,538260
2019/02/21 10:35,12490,12520,12490,12510,5546,538660
2019/02/21 10:40,12515,12515,12500,12505,2500,538992
2019/02/21 10:45,12505,12515,12485,12505,3782,538830
2019/02/21 10:50,12510,12515,12495,12510,3002,538758
2019/02/21 10:55,12510,12535,12505,12515,5610,538790
2019/02/21 11:00,12510,12520,12510,12510,1724,538590
2019/02/21 11:05,12510,12510,12500,12510,2644,538578
2019/02/21 11:10,12505,12510,12500,12510,1322,538388
2019/02/21 11:15,12510,12510,12495,12500,1748,538150
2019/02/21 11:20,12500,12535,12500,12525,4566,538162
2019/02/21 11:25,12525,12525,12500,12505,2840,537522
2019/02/21 13:30,12510,12540,12510,12515,7826,538546
2019/02/21 13:35,12515,12520,12470,12475,8010,537500
2019/02/21 13:40,12470,12495,12470,12490,6106,537270
2019/02/21 13:45,12490,12510,12485,12505,4098,538056
2019/02/21 13:50,12500,12510,12490,12490,3030,538082
2019/02/21 13:55,12490,12490,12470,12470,6060,538190
2019/02/21 14:00,12470,12500,12470,12485,4940,538268
2019/02/21 14:05,12485,12490,12460,12475,6122,538584
2019/02/21 14:10,12480,12480,12440,12475,8088,538174
2019/02/21 14:15,12475,12495,12445,12445,8324,538066
2019/02/21 14:20,12445,12460,12390,12415,19822,535630
2019/02/21 14:25,12415,12455,12410,12445,11404,535324
2019/02/21 14:30,12445,12450,12430,12440,4922,535212
2019/02/21 14:35,12445,12445,12420,12445,3718,535132
2019/02/21 14:40,12445,12460,12435,12440,4690,534806
2019/02/21 14:45,12445,12445,12430,12445,3090,534492
2019/02/21 14:50,12445,12485,12440,12465,7442,533596
2019/02/21 14:55,12470,12470,12430,12450,10958,531696
2019/02/21 21:00,12420,12460,12395,12455,22206,534068
2019/02/21 21:05,12450,12465,12435,12465,8944,535712
2019/02/21 21:10,12465,12475,12450,12450,6080,535924
2019/02/21 21:15,12450,12475,12450,12470,4276,536830
2019/02/21 21:20,12470,12495,12460,12485,7968,537092
2019/02/21 21:25,12485,12485,12465,12465,3110,536816
2019/02/21 21:30,12465,12480,12460,12470,3824,537170
2019/02/21 21:35,12470,12470,12460,12470,1826,537502
2019/02/21 21:40,12465,12470,12460,12465,2726,537676
2019/02/21 21:45,12470,12500,12465,12470,5158,537880
2019/02/21 21:50,12470,12475,12465,12470,1592,537936
2019/02/21 21:55,12470,12490,12470,12470,3008,538384
2019/02/21 22:00,12475,12475,12460,12460,3484,538134
2019/02/21 22:05,12460,12460,12435,12445,7486,537270
2019/02/21 22:10,12445,12455,12440,12450,2432,537286
2019/02/21 22:15,12455,12455,12445,12450,1636,537270
2019/02/21 22:20,12450,12475,12435,12470,4814,537118
2019/02/21 22:25,12470,12485,12465,12475,3502,537380
2019/02/21 22:30,12470,12505,12470,12490,9314,538242
2019/02/21 22:35,12495,12495,12480,12495,4434,538100
2019/02/21 22:40,12495,12500,12485,12490,3638,537936
2019/02/21 22:45,12490,12500,12475,12480,3242,537846
2019/02/21 22:50,12480,12485,12475,12480,2648,537264
2019/02/21 22:55,12480,12495,12470,12495,4202,535860
2019/02/22 09:00,12470,12560,12465,12555,21796,538420
2019/02/22 09:05,12550,12590,12545,12575,20590,540776
2019/02/22 09:10,12575,12585,12555,12560,10292,542120
2019/02/22 09:15,12565,12600,12565,12580,10170,542522
2019/02/22 09:20,12580,12585,12560,12575,4406,542548
2019/02/22 09:25,12575,12575,12555,12565,3774,542190
2019/02/22 09:30,12565,12565,12540,12555,7434,541884
2019/02/22 09:35,12550,12565,12545,12545,2960,542170
2019/02/22 09:40,12545,12560,12535,12560,3386,541462
2019/02/22 09:45,12555,12575,12555,12555,3594,541780
2019/02/22 09:50,12555,12555,12535,12540,3202,541622
2019/02/22 09:55,12535,12550,12535,12550,4390,541246
2019/02/22 10:00,12545,12550,12520,12530,6750,541022
2019/02/22 10:05,12530,12555,12530,12550,2480,540846
2019/02/22 10:10,12550,12555,12530,12535,2620,541118
2019/02/22 10:30,12540,12540,12520,12525,3454,540862
2019/02/22 10:35,12525,12535,12515,12535,2748,540822
2019/02/22 10:40,12535,12540,12525,12540,2312,540938
2019/02/22 10:45,12540,12565,12535,12560,4942,541340
2019/02/22 10:50,12560,12575,12555,12560,6028,541754
2019/02/22 10:55,12560,12580,12550,12565,5926,542674
2019/02/22 11:00,12570,12570,12555,12565,3438,542276
2019/02/22 11:05,12560,12565,12540,12540,2914,541832
2019/02/22 11:10,12535,12555,12535,12550,3286,541830
2019/02/22 11:15,12545,12550,12540,12545,1312,541716
2019/02/22 11:20,12545,12550,12530,12540,2760,541620
2019/02/22 11:25,12540,12550,12540,12550,1404,541732
2019/02/22 13:30,12540,12565,12535,12560,4348,542038
2019/02/22 13:35,12560,12570,12560,12565,2408,542398
2019/02/22 13:40,12565,12600,12555,12585,10004,544054
2019/02/22 13:45,12585,12585,12555,12555,5292,543584
2019/02/22 13:50,12555,12570,12555,12570,3668,543502
2019/02/22 13:55,12570,12590,12560,12565,5374,543498
2019/02/22 14:00,12565,12575,12550,12555,4358,543090
2019/02/22 14:05,12555,12560,12550,12555,2594,542742
2019/02/22 14:10,12555,12570,12555,12565,3306,543274
2019/02/22 14:15,12565,12565,12550,12560,3204,543454
2019/02/22 14:20,12560,12570,12550,12550,2000,543752
2019/02/22 14:25,12550,12565,12550,12560,1570,543760
2019/02/22 14:30,12560,12585,12560,12580,3800,544204
2019/02/22 14:35,12580,12595,12575,12590,7016,544484
2019/02/22 14:40,12590,12635,12580,12620,12096,543746
2019/02/22 14:45,12615,12620,12580,12600,8570,543492
2019/02/22 14:50,12600,12650,12595,12645,13646,542390
2019/02/22 14:55,12645,12655,12615,12650,17074,541038
2019/02/22 21:00,12760,12895,12755,12815,67408,546386
2019/02/22 21:05,12810,12840,12765,12790,28066,545900
2019/02/22 21:10,12785,12790,12735,12740,23316,544954
2019/02/22 21:15,12740,12750,12705,12735,17248,544988
2019/02/22 21:20,12735,12750,12715,12750,8988,545552
2019/02/22 21:25,12750,12770,12740,12750,10874,546568
2019/02/22 21:30,12750,12770,12725,12765,8656,547290
2019/02/22 21:35,12765,12765,12745,12765,4882,548106
2019/02/22 21:40,12765,12785,12760,12775,6378,549184
2019/02/22 21:45,12775,12780,12750,12775,5842,550018
2019/02/22 21:50,12775,12780,12765,12770,4000,550848
2019/02/22 21:55,12775,12815,12770,12810,12490,551312
2019/02/22 22:00,12810,12825,12800,12800,9550,551118
2019/02/22 22:05,12800,12815,12800,12810,3818,550882
2019/02/22 22:10,12810,12840,12810,12825,10654,551306
2019/02/22 22:15,12830,12850,12815,12820,9888,550386
2019/02/22 22:20,12820,12820,12795,12820,8668,549722
2019/02/22 22:25,12820,12820,12770,12780,10640,548492
2019/02/22 22:30,12780,12810,12775,12810,4982,548118
2019/02/22 22:35,12810,12815,12805,12805,5556,548038
2019/02/22 22:40,12805,12835,12805,12820,5466,547366
2019/02/22 22:45,12820,12830,12805,12810,4374,547896
2019/02/22 22:50,12810,12820,12800,12810,3696,547492
2019/02/22 22:55,12815,12840,12805,12825,10398,545398
2019/02/25 09:00,12885,13000,12875,12950,52752,548594
2019/02/25 09:05,12950,12950,12855,12910,26532,546674
2019/02/25 09:10,12910,12910,12830,12835,18172,546062
2019/02/25 09:15,12830,12870,12830,12855,10366,546092
2019/02/25 09:20,12855,12865,12835,12835,7856,546002
2019/02/25 09:25,12840,12865,12835,12835,7040,546070
2019/02/25 09:30,12835,12840,12765,12790,17950,544426
2019/02/25 09:35,12790,12800,12760,12790,11106,543710
2019/02/25 09:40,12790,12805,12695,12695,20150,542102
2019/02/25 09:45,12700,12760,12690,12740,19166,540326
2019/02/25 09:50,12745,12745,12715,12730,8028,540378
2019/02/25 09:55,12730,12755,12730,12740,6632,540460
2019/02/25 10:00,12740,12755,12730,12745,5992,541622
2019/02/25 10:05,12745,12760,12735,12760,5162,541816
2019/02/25 10:10,12755,12760,12725,12730,5390,541444
2019/02/25 10:30,12725,12735,12710,12715,7504,541606
2019/02/25 10:35,12715,12730,12705,12720,4816,541824
2019/02/25 10:40,12715,12735,12685,12725,15002,542012
2019/02/25 10:45,12725,12730,12710,12725,4536,542096
2019/02/25 10:50,12720,12750,12715,12740,4086,541954
2019/02/25 10:55,12745,12745,12730,12735,2194,542164
2019/02/25 11:00,12730,12735,12725,12735,2184,542120
2019/02/25 11:05,12735,12740,12720,12730,2926,542348
2019/02/25 11:10,12730,12730,12715,12725,2716,542282
2019/02/25 11:15,12725,12725,12710,12725,4382,542518
2019/02/25 11:20,12720,12725,12685,12715,7390,541954
2019/02/25 11:25,12710,12715,12670,12685,15584,541748
2019/02/25 13:30,12720,12760,12710,12725,22488,542958
2019/02/25 13:35,12730,12745,12720,12730,5076,543884
2019/02/25 13:40,12730,12755,12725,12740,5430,544032
2019/02/25 13:45,12740,12785,12735,12785,11022,544892
2019/02/25 13:50,12780,12785,12750,12750,7710,544950
2019/02/25 13:55,12750,12770,12745,12760,4990,544772
2019/02/25 14:00,12760,12770,12755,12760,2764,544420
2019/02/25 14:05,12760,12775,12750,12750,3738,544350
2019/02/25 14:10,12750,12785,12745,12785,6342,544512
2019/02/25 14:15,12785,12810,12765,12800,11448,546206
2019/02/25 14:20,12795,12800,12780,12795,4622,545910
2019/02/25 14:25,12795,12805,12790,12800,4006,546312
2019/02/25 14:30,12805,12810,12790,12800,3474,546466
2019/02/25 14:35,12800,12825,12795,12820,8026,545852
2019/02/25 14:40,12820,12825,12805,12820,4508,546160
2019/02/25 14:45,12815,12820,12750,12755,9950,544716
2019/02/25 14:50,12755,12770,12720,12720,13076,543178
2019/02/25 14:55,12720,12725,12590,12605,37592,536882
2019/02/25 21:00,12580,12640,12555,12635,24008,534652
2019/02/25 21:05,12635,12665,12620,12635,13794,535296
2019/02/25 21:10,12635,12635,12590,12595,11784,535020
2019/02/25 21:15,12595,12595,12510,12545,30842,532794
2019/02/25 21:20,12545,12545,12520,12525,10472,533086
2019/02/25 21:25,12520,12535,12465,12490,25318,531618
2019/02/25 21:30,12490,12505,12465,12470,17988,531208
2019/02/25 21:35,12465,12510,12435,12500,22992,529962
2019/02/25 21:40,12500,12515,12490,12495,8678,530032
2019/02/25 21:45,12500,12525,12495,12520,8070,530366
2019/02/25 21:50,12520,12530,12505,12510,5372,530240
2019/02/25 21:55,12505,12530,12500,12520,4494,530730
2019/02/25 22:00,12520,12570,12520,12565,16188,531522
2019/02/25 22:05,12565,12570,12560,12560,3908,531148
2019/02/25 22:10,12565,12575,12560,12570,3132,531270
2019/02/25 22:15,12570,12600,12565,12585,8646,531620
2019/02/25 22:20,12585,12605,12575,12580,8950,530888
2019/02/25 22:25,12580,12595,12575,12585,3390,531028
2019/02/25 22:30,12585,12625,12580,12620,8358,530912
2019/02/25 22:35,12615,12630,12605,12620,4840,531120
2019/02/25 22:40,12620,12635,12610,12620,5848,531448
2019/02/25 22:45,12620,12620,12605,12615,2956,531642
2019/02/25 22:50,12615,12675,12615,12645,16232,532340
2019/02/25 22:55,12640,12665,12635,12645,8310,531232
2019/02/26 09:00,12620,12620,12585,12610,15274,530682
2019/02/26 09:05,12610,12640,12605,12630,6534,530126
2019/02/26 09:10,12630,12665,12615,12630,11332,531134
2019/02/26 09:15,12630,12640,12620,12630,3934,530894
2019/02/26 09:20,12630,12630,12590,12600,4956,530522
2019/02/26 09:25,12600,12620,12595,12605,4436,530572
2019/02/26 09:30,12605,12615,12580,12605,5026,530698
2019/02/26 09:35,12605,12635,12605,12620,3636,530942
2019/02/26 09:40,12620,12620,12590,12590,4200,530842
2019/02/26 09:45,12590,12595,12565,12580,8664,529682
2019/02/26 09:50,12580,12620,12580,12610,3966,529740
2019/02/26 09:55,12610,12620,12605,12615,2752,529780
2019/02/26 10:00,12615,12625,12610,12610,2238,529930
2019/02/26 10:05,12610,12645,12610,12630,5236,530092
2019/02/26 10:10,12630,12645,12625,12645,2690,530076
2019/02/26 10:30,12645,12675,12635,12660,12352,531888
2019/02/26 10:35,12660,12660,12635,12635,4696,531830
2019/02/26 10:40,12635,12640,12615,12625,4406,531154
2019/02/26 10:45,12625,12635,12620,12630,2632,530932
2019/02/26 10:50,12630,12635,12610,12620,3270,531004
2019/02/26 10:55,12620,12635,12615,12630,1780,530916
2019/02/26 11:00,12625,12655,12625,12645,4508,531228
2019/02/26 11:05,12645,12655,12645,12650,2374,531400
2019/02/26 11:10,12645,12650,12620,12630,2466,531128
2019/02/26 11:15,12630,12650,12625,12645,2602,530750
2019/02/26 11:20,12645,12660,12640,12655,2980,531302
2019/02/26 11:25,12655,12660,12640,12645,2380,530956
2019/02/26 13:30,12645,12670,12630,12660,5940,531748
2019/02/26 13:35,12660,12705,12660,12665,10804,532558
2019/02/26 13:40,12670,12685,12660,12675,2732,532804
2019/02/26 13:45,12680,12690,12620,12635,11002,533022
2019/02/26 13:50,12635,12650,12610,12630,7954,532972
2019/02/26 13:55,12630,12640,12615,12630,3974,532798
2019/02/26 14:00,12630,12645,12625,12630,3800,532482
2019/02/26 14:05,12630,12650,12630,12645,2554,532588
2019/02/26 14:10,12645,12655,12635,12655,2000,532332
2019/02/26 14:15,12655,12660,12640,12645,3256,532786
2019/02/26 14:20,12645,12650,12625,12625,2862,532294
2019/02/26 14:25,12625,12625,12575,12580,12158,531596
2019/02/26 14:30,12580,12585,12505,12520,22692,529556
2019/02/26 14:35,12520,12585,12515,12575,11780,529490
2019/02/26 14:40,12570,12580,12560,12565,5758,528774
2019/02/26 14:45,12565,12575,12545,12545,4498,528030
2019/02/26 14:50,12550,12580,12535,12575,6822,528024
2019/02/26 14:55,12575,12580,12545,12560,8138,526372
2019/02/26 21:00,12575,12630,12575,12625,22400,527058
2019/02/26 21:05,12620,12640,12610,12625,8246,527916
2019/02/26 21:10,12625,12645,12625,12640,6580,528554
2019/02/26 21:15,12640,12675,12640,12660,11798,530172
2019/02/26 21:20,12655,12660,12635,12640,5588,530012
2019/02/26 21:25,12640,12660,12635,12640,4316,530406
2019/02/26 21:30,12635,12655,12635,12650,3292,530692
2019/02/26 21:35,12650,12665,12645,12655,3858,530798
2019/02/26 21:40,12655,12685,12650,12660,6548,531882
2019/02/26 21:45,12660,12665,12605,12625,12550,531232
2019/02/26 21:50,12620,12640,12615,12640,5298,531174
2019/02/26 21:55,12640,12650,12635,12635,4018,531214
2019/02/26 22:00,12635,12640,12630,12635,2686,530880
2019/02/26 22:05,12635,12635,12605,12620,8094,530614
2019/02/26 22:10,12615,12625,12585,12595,6192,530506
2019/02/26 22:15,12595,12605,12570,12580,7578,529996
2019/02/26 22:20,12580,12595,12555,12590,9162,529648
2019/02/26 22:25,12590,12610,12585,12605,4018,529446
2019/02/26 22:30,12605,12610,12600,12605,2598,529480
2019/02/26 22:35,12605,12615,12605,12605,2360,529618
2019/02/26 22:40,12605,12615,12585,12595,3030,529512
2019/02/26 22:45,12595,12605,12590,12605,2350,529188
2019/02/26 22:50,12605,12615,12600,12610,2036,528928
2019/02/26 22:55,12615,12645,12610,12635,6954,527876
2019/02/27 09:00,12640,12675,12640,12655,10218,529420
2019/02/27 09:05,12655,12665,12635,12640,4642,529478
2019/02/27 09:10,12635,12665,12635,12650,4492,530092
2019/02/27 09:15,12655,12655,12635,12640,2938,530266
2019/02/27 09:20,12635,12650,12630,12645,2266,530134
2019/02/27 09:25,12645,12645,12615,12620,4404,529698
2019/02/27 09:30,12620,12635,12620,12630,2400,529826
2019/02/27 09:35,12630,12635,12610,12625,3650,530376
2019/02/27 09:40,12625,12655,12605,12655,5258,529710
2019/02/27 09:45,12655,12665,12640,12645,4840,529880
2019/02/27 09:50,12645,12645,12615,12630,3844,529932
2019/02/27 09:55,12630,12640,12620,12635,1972,529992
2019/02/27 10:00,12635,12640,12625,12625,2118,529998
2019/02/27 10:05,12625,12630,12605,12610,4770,529738
2019/02/27 10:10,12615,12630,12610,12625,2056,529702
2019/02/27 10:30,12625,12640,12620,12635,1906,529708
2019/02/27 10:35,12635,12645,12625,12645,2470,529598
2019/02/27 10:40,12645,12650,12635,12645,1768,529618
2019/02/27 10:45,12645,12645,12635,12645,1526,529618
2019/02/27 10:50,12645,12680,12640,12675,8972,530872
2019/02/27 10:55,12675,12690,12670,12685,11382,532314
2019/02/27 11:00,12685,12710,12670,12710,11708,534344
2019/02/27 11:05,12705,12715,12665,12680,10386,534088
2019/02/27 11:10,12680,12685,12670,12680,2504,534264
2019/02/27 11:15,12680,12735,12680,12730,15494,536034
2019/02/27 11:20,12730,12740,12710,12720,9052,536486
2019/02/27 11:25,12720,12720,12655,12660,11116,534274
2019/02/27 13:30,12680,12710,12680,12680,9928,534946
2019/02/27 13:35,12680,12680,12630,12640,11558,535158
2019/02/27 13:40,12635,12645,12625,12630,7690,534840
2019/02/27 13:45,12630,12640,12620,12625,5576,534988
2019/02/27 13:50,12630,12640,12610,12615,5552,535420
2019/02/27 13:55,12610,12635,12605,12630,5342,535290
2019/02/27 14:00,12625,12645,12620,12625,3804,534994
2019/02/27 14:05,12630,12630,12615,12625,2640,534864
2019/02/27 14:10,12625,12630,12605,12610,4564,534976
2019/02/27 14:15,12610,12635,12600,12615,5484,534910
2019/02/27 14:20,12615,12615,12575,12595,13090,534924
2019/02/27 14:25,12590,12595,12575,12575,7344,534820
2019/02/27 14:30,12580,12580,12545,12550,13198,533924
2019/02/27 14:35,12545,12560,12480,12495,29214,532888
2019/02/27 14:40,12495,12530,12490,12525,11198,531846
2019/02/27 14:45,12525,12545,12520,12525,7762,531596
2019/02/27 14:50,12525,12575,12525,12575,9216,530264
2019/02/27 14:55,12575,12580,12560,12565,8850,528772
2019/02/27 21:00,12600,12635,12585,12635,15332,530350
2019/02/27 21:05,12630,12645,12615,12645,12178,530224
2019/02/27 21:10,12640,12650,12635,12640,7314,530700
2019/02/27 21:15,12635,12640,12605,12635,9862,530576
2019/02/27 21:20,12635,12655,12630,12650,6006,530744
2019/02/27 21:25,12650,12650,12640,12650,3256,530662
2019/02/27 21:30,12650,12650,12640,12645,2692,530428
2019/02/27 21:35,12645,12655,12645,12650,3440,530814
2019/02/27 21:40,12650,12675,12645,12665,6852,530538
2019/02/27 21:45,12665,12680,12660,12665,6822,531434
2019/02/27 21:50,12665,12665,12645,12650,4510,531264
2019/02/27 21:55,12650,12670,12650,12665,4172,531688
2019/02/27 22:00,12665,12670,12650,12650,2628,531706
2019/02/27 22:05,12655,12655,12630,12645,4208,531232
2019/02/27 22:10,12645,12650,12640,12645,2216,531120
2019/02/27 22:15,12650,12650,12640,12645,1784,531444
2019/02/27 22:20,12645,12655,12640,12640,1832,531358
2019/02/27 22:25,12640,12640,12625,12625,3788,531014
2019/02/27 22:30,12625,12635,12625,12630,2662,530992
2019/02/27 22:35,12630,12640,12625,12635,2270,531078
2019/02/27 22:40,12635,12650,12635,12645,3656,531490
2019/02/27 22:45,12645,12650,12620,12620,3346,530844
2019/02/27 22:50,12620,12635,12620,12630,3986,530160
2019/02/27 22:55,12635,12650,12635,12645,4906,529488
